rank,representative_rank,status,canonical_pairs,ordered_pairs
1,1,sat,3,27
2,1,sat,3,27
3,3,verified_empty,0,0
4,3,verified_empty,0,0
5,5,sat,3,27
6,5,sat,3,27
7,7,verified_empty,0,0
8,7,verified_empty,0,0
9,9,sat,3,27
10,9,sat,3,27
11,11,sat,3,27
12,11,sat,3,27
13,5,sat,3,27
14,5,sat,3,27
15,15,verified_empty,0,0
16,15,verified_empty,0,0
17,3,verified_empty,0,0
18,3,verified_empty,0,0
19,15,verified_empty,0,0
20,15,verified_empty,0,0
21,5,sat,3,27
22,5,sat,3,27
23,1,sat,3,27
24,1,sat,3,27
25,3,verified_empty,0,0
26,3,verified_empty,0,0
27,27,sat,6,54
28,27,sat,6,54
29,11,sat,3,27
30,11,sat,3,27
31,9,sat,3,27
32,9,sat,3,27
33,27,sat,6,54
34,27,sat,6,54
35,15,verified_empty,0,0
36,15,verified_empty,0,0
37,27,sat,6,54
38,27,sat,6,54
39,9,sat,3,27
40,9,sat,3,27
41,7,verified_empty,0,0
42,7,verified_empty,0,0
43,7,verified_empty,0,0
44,7,verified_empty,0,0
45,11,sat,3,27
46,11,sat,3,27
47,15,verified_empty,0,0
48,15,verified_empty,0,0
49,3,verified_empty,0,0
50,3,verified_empty,0,0
51,1,sat,3,27
52,1,sat,3,27
53,1,sat,3,27
54,1,sat,3,27
55,7,verified_empty,0,0
56,7,verified_empty,0,0
57,11,sat,3,27
58,11,sat,3,27
59,27,sat,6,54
60,27,sat,6,54
61,5,sat,3,27
62,5,sat,3,27
63,9,sat,3,27
64,9,sat,3,27
65,65,verified_empty,0,0
66,66,sat,3,27
67,66,sat,3,27
68,65,verified_empty,0,0
69,69,sat,3,27
70,69,sat,3,27
71,71,sat,3,27
72,71,sat,3,27
73,73,sat,3,27
74,73,sat,3,27
75,75,verified_empty,0,0
76,75,verified_empty,0,0
77,77,sat,9,81
78,77,sat,9,81
79,79,verified_empty,0,0
80,79,verified_empty,0,0
81,81,verified_empty,0,0
82,81,verified_empty,0,0
83,83,sat,3,27
84,83,sat,3,27
85,85,sat,6,54
86,85,sat,6,54
87,87,sat,3,27
88,87,sat,3,27
89,89,sat,3,27
90,90,sat,9,81
91,89,sat,3,27
92,90,sat,9,81
93,89,sat,3,27
94,89,sat,3,27
95,71,sat,3,27
96,71,sat,3,27
97,97,sat,3,27
98,97,sat,3,27
99,73,sat,3,27
100,73,sat,3,27
101,101,sat,3,27
102,101,sat,3,27
103,103,verified_empty,0,0
104,103,verified_empty,0,0
105,105,sat,3,27
106,105,sat,3,27
107,107,sat,6,54
108,107,sat,6,54
109,109,verified_empty,0,0
110,109,verified_empty,0,0
111,79,verified_empty,0,0
112,79,verified_empty,0,0
113,113,sat,3,27
114,113,sat,3,27
115,103,verified_empty,0,0
116,103,verified_empty,0,0
117,113,sat,3,27
118,113,sat,3,27
119,5,sat,3,27
120,5,sat,3,27
121,121,sat,3,27
122,121,sat,3,27
123,81,verified_empty,0,0
124,81,verified_empty,0,0
125,9,sat,3,27
126,9,sat,3,27
127,127,verified_empty,0,0
128,127,verified_empty,0,0
129,129,sat,6,54
130,130,verified_empty,0,0
131,129,sat,6,54
132,130,verified_empty,0,0
133,127,verified_empty,0,0
134,127,verified_empty,0,0
135,15,verified_empty,0,0
136,15,verified_empty,0,0
137,27,sat,6,54
138,27,sat,6,54
139,139,sat,6,54
140,139,sat,6,54
141,141,verified_empty,0,0
142,141,verified_empty,0,0
143,143,verified_empty,0,0
144,143,verified_empty,0,0
145,145,verified_empty,0,0
146,145,verified_empty,0,0
147,147,verified_empty,0,0
148,147,verified_empty,0,0
149,121,sat,3,27
150,121,sat,3,27
151,151,sat,6,54
152,151,sat,6,54
153,109,verified_empty,0,0
154,151,sat,6,54
155,109,verified_empty,0,0
156,151,sat,6,54
157,97,sat,3,27
158,97,sat,3,27
159,159,sat,3,27
160,159,sat,3,27
161,161,verified_empty,0,0
162,162,verified_empty,0,0
163,161,verified_empty,0,0
164,162,verified_empty,0,0
165,139,sat,6,54
166,139,sat,6,54
167,161,verified_empty,0,0
168,161,verified_empty,0,0
169,90,sat,9,81
170,90,sat,9,81
171,171,verified_empty,0,0
172,171,verified_empty,0,0
173,171,verified_empty,0,0
174,171,verified_empty,0,0
175,175,sat,6,54
176,175,sat,6,54
177,175,sat,6,54
178,175,sat,6,54
179,175,sat,6,54
180,175,sat,6,54
181,175,sat,6,54
182,175,sat,6,54
183,15,verified_empty,0,0
184,15,verified_empty,0,0
185,79,verified_empty,0,0
186,79,verified_empty,0,0
187,66,sat,3,27
188,66,sat,3,27
189,66,sat,3,27
190,66,sat,3,27
191,83,sat,3,27
192,83,sat,3,27
193,151,sat,6,54
194,151,sat,6,54
195,69,sat,3,27
196,69,sat,3,27
197,197,sat,9,81
198,197,sat,9,81
199,147,verified_empty,0,0
200,147,verified_empty,0,0
201,69,sat,3,27
202,69,sat,3,27
203,145,verified_empty,0,0
204,145,verified_empty,0,0
205,159,sat,3,27
206,159,sat,3,27
207,7,verified_empty,0,0
208,7,verified_empty,0,0
209,121,sat,3,27
210,121,sat,3,27
211,69,sat,3,27
212,69,sat,3,27
213,213,sat,3,27
214,213,sat,3,27
215,215,sat,3,27
216,215,sat,3,27
217,109,verified_empty,0,0
218,109,verified_empty,0,0
219,97,sat,3,27
220,97,sat,3,27
221,215,sat,3,27
222,213,sat,3,27
223,215,sat,3,27
224,213,sat,3,27
225,5,sat,3,27
226,5,sat,3,27
227,121,sat,3,27
228,121,sat,3,27
229,215,sat,3,27
230,215,sat,3,27
231,90,sat,9,81
232,90,sat,9,81
233,175,sat,6,54
234,175,sat,6,54
235,27,sat,6,54
236,27,sat,6,54
237,213,sat,3,27
238,213,sat,3,27
239,215,sat,3,27
240,215,sat,3,27
241,77,sat,9,81
242,77,sat,9,81
243,127,verified_empty,0,0
244,127,verified_empty,0,0
245,85,sat,6,54
246,87,sat,3,27
247,87,sat,3,27
248,85,sat,6,54
249,121,sat,3,27
250,121,sat,3,27
251,81,verified_empty,0,0
252,81,verified_empty,0,0
253,103,verified_empty,0,0
254,103,verified_empty,0,0
255,85,sat,6,54
256,85,sat,6,54
257,3,verified_empty,0,0
258,3,verified_empty,0,0
259,159,sat,3,27
260,159,sat,3,27
261,109,verified_empty,0,0
262,109,verified_empty,0,0
263,161,verified_empty,0,0
264,162,verified_empty,0,0
265,161,verified_empty,0,0
266,162,verified_empty,0,0
267,197,sat,9,81
268,197,sat,9,81
269,89,sat,3,27
270,89,sat,3,27
271,90,sat,9,81
272,90,sat,9,81
273,273,sat,6,54
274,273,sat,6,54
275,89,sat,3,27
276,89,sat,3,27
277,11,sat,3,27
278,11,sat,3,27
279,143,verified_empty,0,0
280,143,verified_empty,0,0
281,159,sat,3,27
282,159,sat,3,27
283,171,verified_empty,0,0
284,171,verified_empty,0,0
285,65,verified_empty,0,0
286,65,verified_empty,0,0
287,97,sat,3,27
288,97,sat,3,27
289,147,verified_empty,0,0
290,147,verified_empty,0,0
291,103,verified_empty,0,0
292,103,verified_empty,0,0
293,162,verified_empty,0,0
294,162,verified_empty,0,0
295,139,sat,6,54
296,139,sat,6,54
297,151,sat,6,54
298,151,sat,6,54
299,81,verified_empty,0,0
300,81,verified_empty,0,0
301,1,sat,3,27
302,1,sat,3,27
303,101,sat,3,27
304,101,sat,3,27
305,145,verified_empty,0,0
306,145,verified_empty,0,0
307,101,sat,3,27
308,101,sat,3,27
309,77,sat,9,81
310,77,sat,9,81
311,1,sat,3,27
312,1,sat,3,27
313,101,sat,3,27
314,101,sat,3,27
315,159,sat,3,27
316,159,sat,3,27
317,317,sat,3,27
318,317,sat,3,27
319,141,verified_empty,0,0
320,141,verified_empty,0,0
321,139,sat,6,54
322,139,sat,6,54
323,79,verified_empty,0,0
324,79,verified_empty,0,0
325,75,verified_empty,0,0
326,75,verified_empty,0,0
327,175,sat,6,54
328,175,sat,6,54
329,105,sat,3,27
330,105,sat,3,27
331,77,sat,9,81
332,77,sat,9,81
333,121,sat,3,27
334,121,sat,3,27
335,151,sat,6,54
336,151,sat,6,54
337,147,verified_empty,0,0
338,147,verified_empty,0,0
339,145,verified_empty,0,0
340,145,verified_empty,0,0
341,97,sat,3,27
342,73,sat,3,27
343,73,sat,3,27
344,97,sat,3,27
345,103,verified_empty,0,0
346,103,verified_empty,0,0
347,11,sat,3,27
348,11,sat,3,27
349,143,verified_empty,0,0
350,143,verified_empty,0,0
351,27,sat,6,54
352,27,sat,6,54
353,85,sat,6,54
354,85,sat,6,54
355,77,sat,9,81
356,77,sat,9,81
357,3,verified_empty,0,0
358,3,verified_empty,0,0
359,75,verified_empty,0,0
360,75,verified_empty,0,0
361,7,verified_empty,0,0
362,7,verified_empty,0,0
363,317,sat,3,27
364,317,sat,3,27
365,365,verified_empty,0,0
366,365,verified_empty,0,0
367,197,sat,9,81
368,141,verified_empty,0,0
369,197,sat,9,81
370,141,verified_empty,0,0
371,147,verified_empty,0,0
372,147,verified_empty,0,0
373,365,verified_empty,0,0
374,365,verified_empty,0,0
375,65,verified_empty,0,0
376,65,verified_empty,0,0
377,87,sat,3,27
378,87,sat,3,27
379,65,verified_empty,0,0
380,65,verified_empty,0,0
381,273,sat,6,54
382,273,sat,6,54
383,273,sat,6,54
384,273,sat,6,54
385,75,verified_empty,0,0
386,75,verified_empty,0,0
387,141,verified_empty,0,0
388,141,verified_empty,0,0
389,69,sat,3,27
390,69,sat,3,27
391,71,sat,3,27
392,71,sat,3,27
393,213,sat,3,27
394,213,sat,3,27
395,147,verified_empty,0,0
396,147,verified_empty,0,0
397,85,sat,6,54
398,87,sat,3,27
399,87,sat,3,27
400,85,sat,6,54
401,109,verified_empty,0,0
402,109,verified_empty,0,0
403,85,sat,6,54
404,85,sat,6,54
405,89,sat,3,27
406,89,sat,3,27
407,90,sat,9,81
408,90,sat,9,81
409,197,sat,9,81
410,197,sat,9,81
411,101,sat,3,27
412,101,sat,3,27
413,129,sat,6,54
414,129,sat,6,54
415,143,verified_empty,0,0
416,143,verified_empty,0,0
417,113,sat,3,27
418,113,sat,3,27
419,77,sat,9,81
420,77,sat,9,81
421,145,verified_empty,0,0
422,145,verified_empty,0,0
423,273,sat,6,54
424,273,sat,6,54
425,273,sat,6,54
426,273,sat,6,54
427,139,sat,6,54
428,139,sat,6,54
429,79,verified_empty,0,0
430,79,verified_empty,0,0
431,317,sat,3,27
432,317,sat,3,27
433,71,sat,3,27
434,71,sat,3,27
435,127,verified_empty,0,0
436,127,verified_empty,0,0
437,89,sat,3,27
438,89,sat,3,27
439,89,sat,3,27
440,90,sat,9,81
441,89,sat,3,27
442,90,sat,9,81
443,151,sat,6,54
444,109,verified_empty,0,0
445,151,sat,6,54
446,109,verified_empty,0,0
447,171,verified_empty,0,0
448,171,verified_empty,0,0
449,7,verified_empty,0,0
450,7,verified_empty,0,0
451,162,verified_empty,0,0
452,162,verified_empty,0,0
453,1,sat,3,27
454,1,sat,3,27
455,101,sat,3,27
456,101,sat,3,27
457,103,verified_empty,0,0
458,103,verified_empty,0,0
459,7,verified_empty,0,0
460,7,verified_empty,0,0
461,89,sat,3,27
462,89,sat,3,27
463,71,sat,3,27
464,71,sat,3,27
465,69,sat,3,27
466,69,sat,3,27
467,73,sat,3,27
468,73,sat,3,27
469,65,verified_empty,0,0
470,66,sat,3,27
471,66,sat,3,27
472,65,verified_empty,0,0
473,197,sat,9,81
474,197,sat,9,81
475,69,sat,3,27
476,69,sat,3,27
477,81,verified_empty,0,0
478,81,verified_empty,0,0
479,101,sat,3,27
480,101,sat,3,27
481,141,verified_empty,0,0
482,141,verified_empty,0,0
483,3,verified_empty,0,0
484,3,verified_empty,0,0
485,113,sat,3,27
486,113,sat,3,27
487,113,sat,3,27
488,113,sat,3,27
489,83,sat,3,27
490,83,sat,3,27
491,141,verified_empty,0,0
492,197,sat,9,81
493,141,verified_empty,0,0
494,197,sat,9,81
495,9,sat,3,27
496,9,sat,3,27
497,127,verified_empty,0,0
498,127,verified_empty,0,0
499,105,sat,3,27
500,105,sat,3,27
501,145,verified_empty,0,0
502,145,verified_empty,0,0
503,107,sat,6,54
504,107,sat,6,54
505,215,sat,3,27
506,213,sat,3,27
507,215,sat,3,27
508,213,sat,3,27
509,79,verified_empty,0,0
510,79,verified_empty,0,0
511,66,sat,3,27
512,66,sat,3,27
513,113,sat,3,27
514,113,sat,3,27
515,161,verified_empty,0,0
516,161,verified_empty,0,0
517,73,sat,3,27
518,73,sat,3,27
519,130,verified_empty,0,0
520,130,verified_empty,0,0
521,81,verified_empty,0,0
522,81,verified_empty,0,0
523,66,sat,3,27
524,66,sat,3,27
525,159,sat,3,27
526,159,sat,3,27
527,139,sat,6,54
528,139,sat,6,54
529,143,verified_empty,0,0
530,143,verified_empty,0,0
531,75,verified_empty,0,0
532,75,verified_empty,0,0
533,143,verified_empty,0,0
534,143,verified_empty,0,0
535,3,verified_empty,0,0
536,3,verified_empty,0,0
537,85,sat,6,54
538,85,sat,6,54
539,129,sat,6,54
540,129,sat,6,54
541,85,sat,6,54
542,85,sat,6,54
543,87,sat,3,27
544,87,sat,3,27
545,365,verified_empty,0,0
546,365,verified_empty,0,0
547,107,sat,6,54
548,107,sat,6,54
549,171,verified_empty,0,0
550,171,verified_empty,0,0
551,105,sat,3,27
552,105,sat,3,27
553,171,verified_empty,0,0
554,171,verified_empty,0,0
555,215,sat,3,27
556,215,sat,3,27
557,159,sat,3,27
558,159,sat,3,27
559,109,verified_empty,0,0
560,151,sat,6,54
561,109,verified_empty,0,0
562,151,sat,6,54
563,107,sat,6,54
564,107,sat,6,54
565,105,sat,3,27
566,105,sat,3,27
567,75,verified_empty,0,0
568,75,verified_empty,0,0
569,65,verified_empty,0,0
570,65,verified_empty,0,0
571,87,sat,3,27
572,87,sat,3,27
573,147,verified_empty,0,0
574,147,verified_empty,0,0
575,103,verified_empty,0,0
576,103,verified_empty,0,0
577,9,sat,3,27
578,9,sat,3,27
579,127,verified_empty,0,0
580,127,verified_empty,0,0
581,103,verified_empty,0,0
582,103,verified_empty,0,0
583,83,sat,3,27
584,83,sat,3,27
585,273,sat,6,54
586,273,sat,6,54
587,87,sat,3,27
588,87,sat,3,27
589,11,sat,3,27
590,11,sat,3,27
591,143,verified_empty,0,0
592,143,verified_empty,0,0
593,213,sat,3,27
594,213,sat,3,27
595,97,sat,3,27
596,97,sat,3,27
597,73,sat,3,27
598,73,sat,3,27
599,107,sat,6,54
600,107,sat,6,54
601,65,verified_empty,0,0
602,66,sat,3,27
603,66,sat,3,27
604,65,verified_empty,0,0
605,107,sat,6,54
606,107,sat,6,54
607,105,sat,3,27
608,105,sat,3,27
609,97,sat,3,27
610,97,sat,3,27
611,71,sat,3,27
612,71,sat,3,27
613,145,verified_empty,0,0
614,145,verified_empty,0,0
615,317,sat,3,27
616,317,sat,3,27
617,317,sat,3,27
618,317,sat,3,27
619,15,verified_empty,0,0
620,15,verified_empty,0,0
621,215,sat,3,27
622,215,sat,3,27
623,162,verified_empty,0,0
624,162,verified_empty,0,0
625,161,verified_empty,0,0
626,161,verified_empty,0,0
627,107,sat,6,54
628,107,sat,6,54
629,273,sat,6,54
630,273,sat,6,54
631,145,verified_empty,0,0
632,145,verified_empty,0,0
633,87,sat,3,27
634,87,sat,3,27
635,105,sat,3,27
636,105,sat,3,27
637,107,sat,6,54
638,107,sat,6,54
639,15,verified_empty,0,0
640,15,verified_empty,0,0
641,11,sat,3,27
642,11,sat,3,27
643,143,verified_empty,0,0
644,143,verified_empty,0,0
645,73,sat,3,27
646,73,sat,3,27
647,81,verified_empty,0,0
648,81,verified_empty,0,0
649,162,verified_empty,0,0
650,162,verified_empty,0,0
651,171,verified_empty,0,0
652,171,verified_empty,0,0
653,90,sat,9,81
654,90,sat,9,81
655,139,sat,6,54
656,139,sat,6,54
657,161,verified_empty,0,0
658,161,verified_empty,0,0
659,65,verified_empty,0,0
660,66,sat,3,27
661,66,sat,3,27
662,65,verified_empty,0,0
663,317,sat,3,27
664,317,sat,3,27
665,113,sat,3,27
666,113,sat,3,27
667,9,sat,3,27
668,9,sat,3,27
669,127,verified_empty,0,0
670,127,verified_empty,0,0
671,273,sat,6,54
672,273,sat,6,54
673,5,sat,3,27
674,5,sat,3,27
675,121,sat,3,27
676,121,sat,3,27
677,139,sat,6,54
678,139,sat,6,54
679,171,verified_empty,0,0
680,171,verified_empty,0,0
681,213,sat,3,27
682,213,sat,3,27
683,130,verified_empty,0,0
684,130,verified_empty,0,0
685,213,sat,3,27
686,213,sat,3,27
687,317,sat,3,27
688,317,sat,3,27
689,71,sat,3,27
690,71,sat,3,27
691,162,verified_empty,0,0
692,162,verified_empty,0,0
693,159,sat,3,27
694,159,sat,3,27
695,197,sat,9,81
696,141,verified_empty,0,0
697,197,sat,9,81
698,141,verified_empty,0,0
699,75,verified_empty,0,0
700,75,verified_empty,0,0
701,77,sat,9,81
702,77,sat,9,81
703,79,verified_empty,0,0
704,79,verified_empty,0,0
705,81,verified_empty,0,0
706,81,verified_empty,0,0
707,127,verified_empty,0,0
708,127,verified_empty,0,0
709,1,sat,3,27
710,1,sat,3,27
711,101,sat,3,27
712,101,sat,3,27
713,71,sat,3,27
714,71,sat,3,27
715,69,sat,3,27
716,69,sat,3,27
717,317,sat,3,27
718,317,sat,3,27
719,129,sat,6,54
720,130,verified_empty,0,0
721,129,sat,6,54
722,130,verified_empty,0,0
723,77,sat,9,81
724,77,sat,9,81
725,175,sat,6,54
726,175,sat,6,54
727,151,sat,6,54
728,109,verified_empty,0,0
729,151,sat,6,54
730,109,verified_empty,0,0
731,75,verified_empty,0,0
732,75,verified_empty,0,0
733,161,verified_empty,0,0
734,161,verified_empty,0,0
735,5,sat,3,27
736,5,sat,3,27
737,121,sat,3,27
738,121,sat,3,27
739,90,sat,9,81
740,90,sat,9,81
741,147,verified_empty,0,0
742,147,verified_empty,0,0
743,105,sat,3,27
744,105,sat,3,27
745,113,sat,3,27
746,113,sat,3,27
747,97,sat,3,27
748,73,sat,3,27
749,73,sat,3,27
750,97,sat,3,27
751,175,sat,6,54
752,175,sat,6,54
753,215,sat,3,27
754,215,sat,3,27
755,141,verified_empty,0,0
756,197,sat,9,81
757,141,verified_empty,0,0
758,197,sat,9,81
759,365,verified_empty,0,0
760,365,verified_empty,0,0
761,79,verified_empty,0,0
762,79,verified_empty,0,0
763,27,sat,6,54
764,27,sat,6,54
765,162,verified_empty,0,0
766,162,verified_empty,0,0
767,161,verified_empty,0,0
768,161,verified_empty,0,0
769,769,verified_empty,0,0
770,769,verified_empty,0,0
771,771,sat,6,54
772,771,sat,6,54
773,773,sat,3,27
774,773,sat,3,27
775,775,sat,3,27
776,775,sat,3,27
777,777,verified_empty,0,0
778,777,verified_empty,0,0
779,779,verified_empty,0,0
780,779,verified_empty,0,0
781,781,sat,6,54
782,775,sat,3,27
783,775,sat,3,27
784,773,sat,3,27
785,773,sat,3,27
786,786,sat,3,27
787,786,sat,3,27
788,788,sat,3,27
789,788,sat,3,27
790,777,verified_empty,0,0
791,777,verified_empty,0,0
792,792,sat,6,54
793,793,sat,3,27
794,793,sat,3,27
795,795,sat,3,27
796,795,sat,3,27
797,788,sat,3,27
798,788,sat,3,27
799,779,verified_empty,0,0
800,779,verified_empty,0,0
801,775,sat,3,27
802,775,sat,3,27
803,779,verified_empty,0,0
804,779,verified_empty,0,0
805,788,sat,3,27
806,788,sat,3,27
807,781,sat,6,54
808,795,sat,3,27
809,795,sat,3,27
810,786,sat,3,27
811,786,sat,3,27
812,792,sat,6,54
813,771,sat,6,54
814,771,sat,6,54
815,769,verified_empty,0,0
816,769,verified_empty,0,0
817,771,sat,6,54
818,771,sat,6,54
819,788,sat,3,27
820,788,sat,3,27
821,821,verified_empty,0,0
822,821,verified_empty,0,0
823,821,verified_empty,0,0
824,821,verified_empty,0,0
825,786,sat,3,27
826,786,sat,3,27
827,792,sat,6,54
828,795,sat,3,27
829,795,sat,3,27
830,793,sat,3,27
831,793,sat,3,27
832,773,sat,3,27
833,773,sat,3,27
834,777,verified_empty,0,0
835,777,verified_empty,0,0
836,781,sat,6,54
837,779,verified_empty,0,0
838,779,verified_empty,0,0
839,793,sat,3,27
840,793,sat,3,27
841,773,sat,3,27
842,773,sat,3,27
843,786,sat,3,27
844,786,sat,3,27
845,793,sat,3,27
846,793,sat,3,27
847,781,sat,6,54
848,769,verified_empty,0,0
849,769,verified_empty,0,0
850,775,sat,3,27
851,775,sat,3,27
852,777,verified_empty,0,0
853,777,verified_empty,0,0
854,771,sat,6,54
855,771,sat,6,54
856,769,verified_empty,0,0
857,769,verified_empty,0,0
858,795,sat,3,27
859,795,sat,3,27
860,792,sat,6,54
861,861,verified_empty,0,0
862,862,verified_empty,0,0
863,862,verified_empty,0,0
864,861,verified_empty,0,0
865,865,verified_empty,0,0
866,865,verified_empty,0,0
867,867,verified_empty,0,0
868,868,verified_empty,0,0
869,869,verified_empty,0,0
870,868,verified_empty,0,0
871,869,verified_empty,0,0
872,872,sat,3,27
873,872,sat,3,27
874,874,sat,6,54
875,875,sat,3,27
876,874,sat,6,54
877,875,sat,3,27
878,788,sat,3,27
879,773,sat,3,27
880,773,sat,3,27
881,788,sat,3,27
882,786,sat,3,27
883,786,sat,3,27
884,884,sat,6,54
885,884,sat,6,54
886,777,verified_empty,0,0
887,777,verified_empty,0,0
888,865,verified_empty,0,0
889,865,verified_empty,0,0
890,781,sat,6,54
891,781,sat,6,54
892,771,sat,6,54
893,771,sat,6,54
894,865,verified_empty,0,0
895,865,verified_empty,0,0
896,896,verified_empty,0,0
897,896,verified_empty,0,0
898,821,verified_empty,0,0
899,821,verified_empty,0,0
900,872,sat,3,27
901,872,sat,3,27
902,868,verified_empty,0,0
903,868,verified_empty,0,0
904,769,verified_empty,0,0
905,769,verified_empty,0,0
906,867,verified_empty,0,0
907,907,sat,3,27
908,907,sat,3,27
909,896,verified_empty,0,0
910,896,verified_empty,0,0
911,821,verified_empty,0,0
912,821,verified_empty,0,0
913,872,sat,3,27
914,914,verified_empty,0,0
915,872,sat,3,27
916,914,verified_empty,0,0
917,862,verified_empty,0,0
918,862,verified_empty,0,0
919,914,verified_empty,0,0
920,914,verified_empty,0,0
921,914,verified_empty,0,0
922,914,verified_empty,0,0
923,862,verified_empty,0,0
924,862,verified_empty,0,0
925,907,sat,3,27
926,907,sat,3,27
927,793,sat,3,27
928,793,sat,3,27
929,896,verified_empty,0,0
930,896,verified_empty,0,0
931,869,verified_empty,0,0
932,869,verified_empty,0,0
933,769,verified_empty,0,0
934,769,verified_empty,0,0
935,795,sat,3,27
936,795,sat,3,27
937,884,sat,6,54
938,884,sat,6,54
939,777,verified_empty,0,0
940,777,verified_empty,0,0
941,865,verified_empty,0,0
942,865,verified_empty,0,0
943,896,verified_empty,0,0
944,896,verified_empty,0,0
945,868,verified_empty,0,0
946,868,verified_empty,0,0
947,867,verified_empty,0,0
948,792,sat,6,54
949,792,sat,6,54
950,867,verified_empty,0,0
951,867,verified_empty,0,0
952,914,verified_empty,0,0
953,914,verified_empty,0,0
954,868,verified_empty,0,0
955,869,verified_empty,0,0
956,868,verified_empty,0,0
957,869,verified_empty,0,0
958,914,verified_empty,0,0
959,914,verified_empty,0,0
960,786,sat,3,27
961,786,sat,3,27
962,884,sat,6,54
963,884,sat,6,54
964,914,verified_empty,0,0
965,872,sat,3,27
966,872,sat,3,27
967,914,verified_empty,0,0
968,793,sat,3,27
969,793,sat,3,27
970,896,verified_empty,0,0
971,896,verified_empty,0,0
972,907,sat,3,27
973,907,sat,3,27
974,872,sat,3,27
975,914,verified_empty,0,0
976,872,sat,3,27
977,914,verified_empty,0,0
978,862,verified_empty,0,0
979,862,verified_empty,0,0
980,875,sat,3,27
981,875,sat,3,27
982,773,sat,3,27
983,788,sat,3,27
984,788,sat,3,27
985,773,sat,3,27
986,793,sat,3,27
987,793,sat,3,27
988,862,verified_empty,0,0
989,862,verified_empty,0,0
990,907,sat,3,27
991,907,sat,3,27
992,786,sat,3,27
993,786,sat,3,27
994,884,sat,6,54
995,884,sat,6,54
996,861,verified_empty,0,0
997,865,verified_empty,0,0
998,865,verified_empty,0,0
999,868,verified_empty,0,0
1000,868,verified_empty,0,0
1001,769,verified_empty,0,0
1002,769,verified_empty,0,0
1003,781,sat,6,54
1004,781,sat,6,54
1005,771,sat,6,54
1006,771,sat,6,54
1007,771,sat,6,54
1008,771,sat,6,54
1009,771,sat,6,54
1010,771,sat,6,54
1011,779,verified_empty,0,0
1012,775,sat,3,27
1013,775,sat,3,27
1014,779,verified_empty,0,0
1015,795,sat,3,27
1016,795,sat,3,27
1017,874,sat,6,54
1018,874,sat,6,54
1019,907,sat,3,27
1020,907,sat,3,27
1021,896,verified_empty,0,0
1022,896,verified_empty,0,0
1023,869,verified_empty,0,0
1024,869,verified_empty,0,0
1025,788,sat,3,27
1026,773,sat,3,27
1027,773,sat,3,27
1028,788,sat,3,27
1029,914,verified_empty,0,0
1030,872,sat,3,27
1031,872,sat,3,27
1032,914,verified_empty,0,0
1033,793,sat,3,27
1034,793,sat,3,27
1035,861,verified_empty,0,0
1036,861,verified_empty,0,0
1037,869,verified_empty,0,0
1038,869,verified_empty,0,0
1039,861,verified_empty,0,0
1040,777,verified_empty,0,0
1041,777,verified_empty,0,0
1042,865,verified_empty,0,0
1043,865,verified_empty,0,0
1044,896,verified_empty,0,0
1045,896,verified_empty,0,0
1046,792,sat,6,54
1047,792,sat,6,54
1048,867,verified_empty,0,0
1049,867,verified_empty,0,0
1050,777,verified_empty,0,0
1051,777,verified_empty,0,0
1052,865,verified_empty,0,0
1053,865,verified_empty,0,0
1054,779,verified_empty,0,0
1055,775,sat,3,27
1056,775,sat,3,27
1057,779,verified_empty,0,0
1058,769,verified_empty,0,0
1059,769,verified_empty,0,0
1060,779,verified_empty,0,0
1061,775,sat,3,27
1062,775,sat,3,27
1063,779,verified_empty,0,0
1064,872,sat,3,27
1065,872,sat,3,27
1066,874,sat,6,54
1067,875,sat,3,27
1068,874,sat,6,54
1069,875,sat,3,27
1070,884,sat,6,54
1071,884,sat,6,54
1072,875,sat,3,27
1073,875,sat,3,27
1074,773,sat,3,27
1075,788,sat,3,27
1076,788,sat,3,27
1077,773,sat,3,27
1078,862,verified_empty,0,0
1079,862,verified_empty,0,0
1080,795,sat,3,27
1081,795,sat,3,27
1082,872,sat,3,27
1083,872,sat,3,27
1084,869,verified_empty,0,0
1085,868,verified_empty,0,0
1086,868,verified_empty,0,0
1087,869,verified_empty,0,0
1088,884,sat,6,54
1089,884,sat,6,54
1090,907,sat,3,27
1091,907,sat,3,27
1092,884,sat,6,54
1093,884,sat,6,54
1094,907,sat,3,27
1095,907,sat,3,27
1096,865,verified_empty,0,0
1097,865,verified_empty,0,0
1098,779,verified_empty,0,0
1099,775,sat,3,27
1100,775,sat,3,27
1101,779,verified_empty,0,0
1102,869,verified_empty,0,0
1103,868,verified_empty,0,0
1104,868,verified_empty,0,0
1105,869,verified_empty,0,0
1106,862,verified_empty,0,0
1107,862,verified_empty,0,0
1108,861,verified_empty,0,0
1109,861,verified_empty,0,0
1110,795,sat,3,27
1111,795,sat,3,27
1112,862,verified_empty,0,0
1113,862,verified_empty,0,0
1114,874,sat,6,54
1115,874,sat,6,54
1116,896,verified_empty,0,0
1117,896,verified_empty,0,0
1118,868,verified_empty,0,0
1119,868,verified_empty,0,0
1120,867,verified_empty,0,0
1121,869,verified_empty,0,0
1122,869,verified_empty,0,0
1123,907,sat,3,27
1124,907,sat,3,27
1125,786,sat,3,27
1126,786,sat,3,27
1127,884,sat,6,54
1128,884,sat,6,54
1129,1129,verified_empty,0,0
1130,1129,verified_empty,0,0
1131,1131,sat,3,27
1132,1131,sat,3,27
1133,1133,sat,6,54
1134,1133,sat,6,54
1135,1133,sat,6,54
1136,1133,sat,6,54
1137,1133,sat,6,54
1138,1133,sat,6,54
1139,1131,sat,3,27
1140,1131,sat,3,27
1141,1133,sat,6,54
1142,1133,sat,6,54
1143,1133,sat,6,54
1144,1133,sat,6,54
1145,1129,verified_empty,0,0
1146,1129,verified_empty,0,0
1147,1131,sat,3,27
1148,1131,sat,3,27
1149,1131,sat,3,27
1150,1131,sat,3,27
1151,1133,sat,6,54
1152,1133,sat,6,54
1153,1131,sat,3,27
1154,1131,sat,3,27
1155,1131,sat,3,27
1156,1131,sat,3,27
1157,1131,sat,3,27
1158,1131,sat,3,27
1159,1133,sat,6,54
1160,1133,sat,6,54
1161,1131,sat,3,27
1162,1131,sat,3,27
1163,1133,sat,6,54
1164,1133,sat,6,54
